row,site,module,id,isc_ref,imp_ref,vmp_ref,voc_ref,alpha_isc_ref_norm,alpha_imp_ref_norm,beta_vmp_ref_norm,beta_voc_ref_norm,gamma_pmp_ref_norm,active,comments,filename
0,test,test,0,5.456,5.1,41.58,50.11,0.000349521,-0.000108326,-0.003372754,-0.002666783,-0.003466138,1,Test H,test.csv
1,nrel_cocoa,msi,118,2.73,2.522,18.16,22.07,0.000426165,2.98E-06,-0.004133773,-0.003298414,-0.004137609,1,,nrel_cocoa_mSi_0188_15m_2011_416_V4.csv
2,nrel_eugene,hit ,5667,5.456,5.1,41.58,50.11,0.000349521,-0.000108326,-0.003372754,-0.002666783,-0.003466138,1,,nrel_eugene_hit_05667_15m_2011_542_V4.csv
3,nrel_golden,cdte,75669,1.177,1.02,64.12,87.66,0.000388,0.00037,-0.00247,-0.00231,-0.00214,1,,nrel_golden_cdte_75669_15m_2013_347_V4.csv
4,Gantner_tempe,cdte11,80924070800,1.2,1.08,69.4,92,0.0004,0,0,-0.0025,-0.0025,1,,gantner_tempe_cdte_11_1h21d_20102020_2118_V4.csv
5,Gantner_tempe,csi12,108128556,8,7.4,29.8,36.6,0.00034,0,0,-0.0034,-0.0048,1,,gantner_tempe_csi_12_1h21d_20102020_2116_V4.csv
6,Gantner_tempe,cdte11,80924070800,1.2,1.08,69.4,92,0.0004,0,0,-0.0025,-0.0025,1,,gantner_tempe_cdte_11_1m1d_20140322_1081_V4.csv
7,Gantner_tempe,csi12,108128556,8,7.4,29.8,36.6,0.00034,0,0,-0.0034,-0.0048,1,,gantner_tempe_cSI_12_1m1d_20140322_1081_V4.csv
8,Gantner_tempe,cdte11,80924070800,1.2,1.08,69.4,92,0.0004,0,0,-0.0025,-0.0025,1,,mid11_1h_20112017.csv
9,Gantner_tempe,csi12,108128556,8,7.4,29.8,36.6,0.00034,0,0,-0.0034,-0.0048,1,,mid12_1h_20112017.csv
10,,,,,,,,,,,,,,,
